,Year,State,Value
0,1987,alabama,46000
1,1987,arizona,80000
2,1987,arkansas,29000
3,1987,california,540000
4,1987,colorado,44000
5,1987,connecticut,2000
6,1987,delaware,1000
7,1987,florida,240000
8,1987,georgia,120000
9,1987,hawaii,9000
10,1987,idaho,120000
11,1987,illinois,28000
12,1987,indiana,25000
13,1987,iowa,44000
14,1987,kansas,46000
15,1987,kentucky,14000
16,1987,louisiana,35000
17,1987,maine,9000
18,1987,maryland,7000
19,1987,massachusetts,11000
20,1987,michigan,93000
21,1987,minnesota,160000
22,1987,mississippi,19000
23,1987,missouri,30000
24,1987,montana,95000
25,1987,nebraska,110000
26,1987,nevada,11000
27,1987,new hampshire,1000
28,1987,new jersey,25000
29,1987,new mexico,19000
30,1987,new york,90000
31,1987,north carolina,20000
32,1987,north dakota,300000
33,1987,ohio,55000
34,1987,oklahoma,10000
35,1987,oregon,55000
36,1987,pennsylvania,48000
37,1987,rhode island,1000
38,1987,south carolina,15000
39,1987,south dakota,260000
40,1987,tennessee,35000
41,1987,texas,120000
42,1987,utah,35000
43,1987,vermont,7000
44,1987,virginia,25000
45,1987,washington,75000
46,1987,west virginia,21000
47,1987,wisconsin,92000
48,1987,wyoming,39000
49,1988,alabama,42000
50,1988,arizona,80000
51,1988,arkansas,34000
52,1988,california,600000
53,1988,colorado,48000
54,1988,connecticut,2000
55,1988,delaware,1000
56,1988,florida,240000
57,1988,georgia,115000
58,1988,hawaii,9000
59,1988,idaho,127000
60,1988,illinois,28000
61,1988,indiana,29000
62,1988,iowa,49000
63,1988,kansas,42000
64,1988,kentucky,12000
65,1988,louisiana,38000
66,1988,maine,14000
67,1988,maryland,7000
68,1988,massachusetts,15000
69,1988,michigan,95000
70,1988,minnesota,160000
71,1988,mississippi,21000
72,1988,missouri,30000
73,1988,montana,105000
74,1988,nebraska,113000
75,1988,nevada,9000
76,1988,new hampshire,1000
77,1988,new jersey,30000
78,1988,new mexico,21000
79,1988,new york,94000
80,1988,north carolina,21000
81,1988,north dakota,250000
82,1988,ohio,50000
83,1988,oklahoma,10000
84,1988,oregon,60000
85,1988,pennsylvania,45000
86,1988,rhode island,1000
87,1988,south carolina,14000
88,1988,south dakota,245000
89,1988,tennessee,35000
90,1988,texas,124000
91,1988,utah,36000
92,1988,vermont,7000
93,1988,virginia,25000
94,1988,washington,65000
95,1988,west virginia,30000
96,1988,wisconsin,102000
97,1988,wyoming,39000
98,1989,alabama,41000
99,1989,arizona,78000
100,1989,arkansas,34000
101,1989,california,620000
102,1989,colorado,50000
103,1989,connecticut,2000
104,1989,delaware,1000
105,1989,florida,250000
106,1989,georgia,116000
107,1989,hawaii,9000
108,1989,idaho,140000
109,1989,illinois,29000
110,1989,indiana,28000
111,1989,iowa,67000
112,1989,kansas,37000
113,1989,kentucky,12000
114,1989,louisiana,35000
115,1989,maine,17000
116,1989,maryland,9000
117,1989,massachusetts,8000
118,1989,michigan,102000
119,1989,minnesota,165000
120,1989,mississippi,24000
121,1989,missouri,33000
122,1989,montana,100000
123,1989,nebraska,119000
124,1989,nevada,15000
125,1989,new hampshire,1000
126,1989,new jersey,25000
127,1989,new mexico,23000
128,1989,new york,94000
129,1989,north carolina,25000
130,1989,north dakota,310000
131,1989,ohio,53000
132,1989,oklahoma,9000
133,1989,oregon,63000
134,1989,pennsylvania,41000
135,1989,rhode island,1000
136,1989,south carolina,15000
137,1989,south dakota,235000
138,1989,tennessee,25000
139,1989,texas,140000
140,1989,utah,47000
141,1989,vermont,6000
142,1989,virginia,23000
143,1989,washington,70000
144,1989,west virginia,32000
145,1989,wisconsin,108000
146,1989,wyoming,41000
147,1990,alabama,29000
148,1990,arizona,67000
149,1990,arkansas,42000
150,1990,california,480000
151,1990,colorado,55000
152,1990,connecticut,2000
153,1990,delaware,1000
154,1990,florida,220000
155,1990,georgia,111000
156,1990,hawaii,10000
157,1990,idaho,140000
158,1990,illinois,23000
159,1990,indiana,22000
160,1990,iowa,70000
161,1990,kansas,36000
162,1990,kentucky,8000
163,1990,louisiana,38000
164,1990,maine,20000
165,1990,maryland,7000
166,1990,massachusetts,15000
167,1990,michigan,100000
168,1990,minnesota,170000
169,1990,mississippi,24000
170,1990,missouri,30000
171,1990,montana,98000
172,1990,nebraska,118000
173,1990,nevada,17000
174,1990,new hampshire,1000
175,1990,new jersey,15000
176,1990,new mexico,29000
177,1990,new york,81000
178,1990,north carolina,20000
179,1990,north dakota,220000
180,1990,ohio,42000
181,1990,oklahoma,9000
182,1990,oregon,61000
183,1990,pennsylvania,41000
184,1990,rhode island,1000
185,1990,south carolina,12000
186,1990,south dakota,245000
187,1990,tennessee,19000
188,1990,texas,140000
189,1990,utah,47000
190,1990,vermont,6000
191,1990,virginia,16000
192,1990,washington,80000
193,1990,west virginia,30000
194,1990,wisconsin,112000
195,1990,wyoming,40000
196,1991,alabama,23000
197,1991,arizona,75000
198,1991,arkansas,47000
199,1991,california,550000
200,1991,colorado,50000
201,1991,florida,225000
202,1991,georgia,102000
203,1991,hawaii,10000
204,1991,idaho,140000
205,1991,illinois,21000
206,1991,indiana,21000
207,1991,iowa,70000
208,1991,kansas,35000
209,1991,kentucky,7000
210,1991,louisiana,40000
211,1991,maine,13000
212,1991,maryland,7000
213,1991,michigan,105000
214,1991,minnesota,180000
215,1991,mississippi,28000
216,1991,missouri,28000
217,1991,montana,86000
218,1991,nebraska,108000
219,1991,nevada,15000
220,1991,new jersey,11000
221,1991,new mexico,20000
222,1991,new york,77000
223,1991,north carolina,18000
224,1991,north dakota,215000
225,1991,ohio,48000
226,1991,oklahoma,9000
227,1991,oregon,56000
228,1991,pennsylvania,40000
229,1991,south carolina,11000
230,1991,south dakota,225000
231,1991,tennessee,14000
232,1991,texas,140000
233,1991,utah,45000
234,1991,vermont,6000
235,1991,virginia,16000
236,1991,washington,85000
237,1991,west virginia,26000
238,1991,wisconsin,110000
239,1991,wyoming,41000
240,1992,alabama,25000
241,1992,arizona,70000
242,1992,arkansas,45000
243,1992,california,490000
244,1992,colorado,52000
245,1992,florida,220000
246,1992,georgia,85000
247,1992,hawaii,9000
248,1992,idaho,135000
249,1992,illinois,16000
250,1992,indiana,15000
251,1992,iowa,65000
252,1992,kansas,28000
253,1992,kentucky,4000
254,1992,louisiana,45000
255,1992,maine,15000
256,1992,maryland,6000
257,1992,michigan,95000
258,1992,minnesota,190000
259,1992,mississippi,25000
260,1992,missouri,25000
261,1992,montana,87000
262,1992,nebraska,96000
263,1992,nevada,15000
264,1992,new jersey,8000
265,1992,new mexico,18000
266,1992,new york,70000
267,1992,north carolina,15000
268,1992,north dakota,240000
269,1992,ohio,38000
270,1992,oklahoma,9000
271,1992,oregon,52000
272,1992,pennsylvania,30000
273,1992,south carolina,11000
274,1992,south dakota,240000
275,1992,tennessee,7000
276,1992,texas,125000
277,1992,utah,47000
278,1992,vermont,6000
279,1992,virginia,13000
280,1992,washington,80000
281,1992,west virginia,23000
282,1992,wisconsin,105000
283,1992,wyoming,41000
284,1993,alabama,19000
285,1993,arizona,55000
286,1993,arkansas,50000
287,1993,california,500000
288,1993,colorado,53000
289,1993,florida,200000
290,1993,georgia,80000
291,1993,hawaii,9000
292,1993,idaho,133000
293,1993,illinois,15000
294,1993,indiana,12000
295,1993,iowa,56000
296,1993,kansas,23000
297,1993,kentucky,4000
298,1993,louisiana,47000
299,1993,maine,13000
300,1993,maryland,7000
301,1993,michigan,90000
302,1993,minnesota,180000
303,1993,mississippi,17000
304,1993,missouri,24000
305,1993,montana,95000
306,1993,nebraska,83000
307,1993,nevada,14000
308,1993,new jersey,11000
309,1993,new mexico,18000
310,1993,new york,65000
311,1993,north carolina,15000
312,1993,north dakota,220000
313,1993,ohio,30000
314,1993,oklahoma,6000
315,1993,oregon,53000
316,1993,pennsylvania,28000
317,1993,south carolina,11000
318,1993,south dakota,245000
319,1993,tennessee,8000
320,1993,texas,105000
321,1993,utah,42000
322,1993,vermont,6000
323,1993,virginia,10000
324,1993,washington,60000
325,1993,west virginia,20000
326,1993,wisconsin,100000
327,1993,wyoming,34000
328,1994,alabama,18000
329,1994,arizona,53000
330,1994,arkansas,55000
331,1994,california,400000
332,1994,colorado,45000
333,1994,florida,230000
334,1994,georgia,80000
335,1994,hawaii,9000
336,1994,idaho,127000
337,1994,illinois,13000
338,1994,indiana,13000
339,1994,iowa,52000
340,1994,kansas,19000
341,1994,kentucky,3000
342,1994,louisiana,40000
343,1994,maine,8000
344,1994,maryland,7000
345,1994,michigan,90000
346,1994,minnesota,170000
347,1994,mississippi,19000
348,1994,missouri,25000
349,1994,montana,119000
350,1994,nebraska,72000
351,1994,nevada,14000
352,1994,new jersey,11000
353,1994,new mexico,19000
354,1994,new york,68000
355,1994,north carolina,15000
356,1994,north dakota,235000
357,1994,ohio,27000
358,1994,oklahoma,5000
359,1994,oregon,50000
360,1994,pennsylvania,27000
361,1994,south carolina,10000
362,1994,south dakota,260000
363,1994,tennessee,6000
364,1994,texas,103000
365,1994,utah,43000
366,1994,vermont,5000
367,1994,virginia,11000
368,1994,washington,60000
369,1994,west virginia,20000
370,1994,wisconsin,75000
371,1994,wyoming,46000
372,1995,alabama,16000
373,1995,arizona,52000
374,1995,arkansas,55000
375,1995,california,420000
376,1995,colorado,45000
377,1995,florida,230000
378,1995,georgia,70000
379,1995,hawaii,8000
380,1995,idaho,125000
381,1995,illinois,11000
382,1995,indiana,12000
383,1995,iowa,45000
384,1995,kansas,17000
385,1995,kentucky,3000
386,1995,louisiana,38000
387,1995,maine,11000
388,1995,maryland,7000
389,1995,michigan,97000
390,1995,minnesota,165000
391,1995,mississippi,16000
392,1995,missouri,23000
393,1995,montana,106000
394,1995,nebraska,60000
395,1995,nevada,10000
396,1995,new jersey,10000
397,1995,new mexico,19000
398,1995,new york,70000
399,1995,north carolina,12000
400,1995,north dakota,220000
401,1995,ohio,25000
402,1995,oklahoma,4000
403,1995,oregon,52000
404,1995,pennsylvania,25000
405,1995,south carolina,9000
406,1995,south dakota,240000
407,1995,tennessee,5000
408,1995,texas,84000
409,1995,utah,32000
410,1995,vermont,5000
411,1995,virginia,9000
412,1995,washington,60000
413,1995,west virginia,13000
414,1995,wisconsin,73000
415,1995,wyoming,38000
416,1996,alabama,15000
417,1996,arizona,32000
418,1996,arkansas,50000
419,1996,california,390000
420,1996,colorado,30000
421,1996,florida,240000
422,1996,georgia,75000
423,1996,hawaii,8000
424,1996,idaho,110000
425,1996,illinois,11000
426,1996,indiana,9000
427,1996,iowa,52000
428,1996,kansas,16000
429,1996,kentucky,3000
430,1996,louisiana,44000
431,1996,maine,9000
432,1996,maryland,7000
433,1996,michigan,90000
434,1996,minnesota,150000
435,1996,mississippi,17000
436,1996,missouri,22000
437,1996,montana,117000
438,1996,nebraska,65000
439,1996,nevada,14000
440,1996,new jersey,7000
441,1996,new mexico,15000
442,1996,new york,68000
443,1996,north carolina,12000
444,1996,north dakota,230000
445,1996,ohio,24000
446,1996,oklahoma,4000
447,1996,oregon,55000
448,1996,pennsylvania,23000
449,1996,south carolina,9000
450,1996,south dakota,240000
451,1996,tennessee,5000
452,1996,texas,82000
453,1996,utah,34000
454,1996,vermont,4000
455,1996,virginia,7000
456,1996,washington,60000
457,1996,west virginia,10000
458,1996,wisconsin,69000
459,1996,wyoming,40000
460,1997,alabama,14000
461,1997,arizona,42000
462,1997,arkansas,50000
463,1997,california,420000
464,1997,colorado,35000
465,1997,florida,240000
466,1997,georgia,75000
467,1997,hawaii,9000
468,1997,idaho,120000
469,1997,illinois,7000
470,1997,indiana,8000
471,1997,iowa,45000
472,1997,kansas,17000
473,1997,kentucky,3000
474,1997,louisiana,44000
475,1997,maine,8000
476,1997,maryland,6000
477,1997,michigan,85000
478,1997,minnesota,145000
479,1997,mississippi,19000
480,1997,missouri,24000
481,1997,montana,107000
482,1997,nebraska,61000
483,1997,nevada,14000
484,1997,new jersey,10000
485,1997,new mexico,15000
486,1997,new york,72000
487,1997,north carolina,8000
488,1997,north dakota,245000
489,1997,ohio,22000
490,1997,oklahoma,4000
491,1997,oregon,50000
492,1997,pennsylvania,22000
493,1997,south dakota,240000
494,1997,tennessee,7000
495,1997,texas,94000
496,1997,utah,32000
497,1997,vermont,5000
498,1997,virginia,8000
499,1997,washington,60000
500,1997,west virginia,8000
501,1997,wisconsin,79000
502,1997,wyoming,38000
503,1998,alabama,16000
504,1998,arizona,55000
505,1998,arkansas,53000
506,1998,california,450000
507,1998,colorado,27000
508,1998,florida,230000
509,1998,georgia,75000
510,1998,hawaii,8000
511,1998,idaho,120000
512,1998,illinois,9000
513,1998,indiana,9000
514,1998,iowa,50000
515,1998,kansas,16000
516,1998,kentucky,3000
517,1998,louisiana,41000
518,1998,maine,10000
519,1998,maryland,7000
520,1998,michigan,80000
521,1998,minnesota,140000
522,1998,mississippi,18000
523,1998,missouri,23000
524,1998,montana,115000
525,1998,nebraska,64000
526,1998,nevada,10000
527,1998,new jersey,11000
528,1998,new mexico,14000
529,1998,new york,65000
530,1998,north carolina,8000
531,1998,north dakota,230000
532,1998,ohio,18000
533,1998,oklahoma,4000
534,1998,oregon,50000
535,1998,pennsylvania,26000
536,1998,south dakota,225000
537,1998,tennessee,7000
538,1998,texas,91000
539,1998,utah,30000
540,1998,vermont,6000
541,1998,virginia,8000
542,1998,washington,58000
543,1998,west virginia,6000
544,1998,wisconsin,89000
545,1998,wyoming,46000
546,1999,alabama,17000
547,1999,arizona,52000
548,1999,arkansas,52000
549,1999,california,465000
550,1999,colorado,27000
551,1999,florida,228000
552,1999,georgia,65000
553,1999,hawaii,8000
554,1999,idaho,120000
555,1999,illinois,9000
556,1999,indiana,10000
557,1999,iowa,40000
558,1999,kansas,13000
559,1999,kentucky,3000
560,1999,louisiana,48000
561,1999,maine,14000
562,1999,maryland,6000
563,1999,michigan,73000
564,1999,minnesota,145000
565,1999,mississippi,18000
566,1999,missouri,24000
567,1999,montana,122000
568,1999,nebraska,58000
569,1999,nevada,9000
570,1999,new jersey,10000
571,1999,new mexico,15000
572,1999,new york,69000
573,1999,north carolina,9000
574,1999,north dakota,255000
575,1999,ohio,20000
576,1999,oklahoma,6000
577,1999,oregon,45000
578,1999,pennsylvania,28000
579,1999,south dakota,224000
580,1999,tennessee,8000
581,1999,texas,108000
582,1999,utah,26000
583,1999,vermont,6000
584,1999,virginia,7000
585,1999,washington,52000
586,1999,west virginia,6000
587,1999,wisconsin,80000
588,1999,wyoming,37000
589,2000,alabama,16000
590,2000,arizona,40000
591,2000,arkansas,52000
592,2000,california,440000
593,2000,colorado,29000
594,2000,florida,232000
595,2000,georgia,55000
596,2000,hawaii,7000
597,2000,idaho,100000
598,2000,illinois,8000
599,2000,indiana,8000
600,2000,iowa,30000
601,2000,kansas,15000
602,2000,kentucky,4000
603,2000,louisiana,43000
604,2000,maine,11000
605,2000,maryland,6000
606,2000,michigan,72000
607,2000,minnesota,150000
608,2000,mississippi,17000
609,2000,missouri,23000
610,2000,montana,124000
611,2000,nebraska,50000
612,2000,nevada,10000
613,2000,new jersey,11000
614,2000,new mexico,15000
615,2000,new york,58000
616,2000,north carolina,11000
617,2000,north dakota,300000
618,2000,ohio,18000
619,2000,oklahoma,7000
620,2000,oregon,48000
621,2000,pennsylvania,25000
622,2000,south dakota,235000
623,2000,tennessee,9000
624,2000,texas,105000
625,2000,utah,24000
626,2000,vermont,7000
627,2000,virginia,7000
628,2000,washington,52000
629,2000,west virginia,7000
630,2000,wisconsin,84000
631,2000,wyoming,39000
632,2001,alabama,14000
633,2001,arizona,43000
634,2001,arkansas,50000
635,2001,california,460000
636,2001,colorado,26000
637,2001,florida,220000
638,2001,georgia,55000
639,2001,hawaii,8000
640,2001,idaho,100000
641,2001,illinois,6000
642,2001,indiana,7000
643,2001,iowa,33000
644,2001,kansas,13000
645,2001,kentucky,4000
646,2001,louisiana,45000
647,2001,maine,11000
648,2001,maryland,4000
649,2001,michigan,76000
650,2001,minnesota,135000
651,2001,mississippi,17000
652,2001,missouri,22000
653,2001,montana,136000
654,2001,nebraska,43000
655,2001,nevada,9000
656,2001,new jersey,11000
657,2001,new mexico,10000
658,2001,new york,53000
659,2001,north carolina,13000
660,2001,north dakota,280000
661,2001,ohio,18000
662,2001,oklahoma,4000
663,2001,oregon,44000
664,2001,pennsylvania,26000
665,2001,south carolina,7000
666,2001,south dakota,235000
667,2001,tennessee,8000
668,2001,texas,97000
669,2001,utah,23000
670,2001,vermont,7000
671,2001,virginia,9000
672,2001,washington,48000
673,2001,west virginia,7000
674,2001,wisconsin,67000
675,2001,wyoming,38000
676,2002,alabama,12000
677,2002,arizona,38000
678,2002,arkansas,45000
679,2002,california,470000
680,2002,colorado,24000
681,2002,florida,220000
682,2002,georgia,50000
683,2002,hawaii,7000
684,2002,idaho,100000
685,2002,illinois,9000
686,2002,indiana,8000
687,2002,iowa,33000
688,2002,kansas,17000
689,2002,kentucky,5000
690,2002,louisiana,35000
691,2002,maine,11000
692,2002,maryland,3000
693,2002,michigan,72000
694,2002,minnesota,117000
695,2002,mississippi,18000
696,2002,missouri,18000
697,2002,montana,134000
698,2002,nebraska,43000
699,2002,nevada,9000
700,2002,new jersey,11000
701,2002,new mexico,11000
702,2002,new york,60000
703,2002,north carolina,16000
704,2002,north dakota,320000
705,2002,ohio,18000
706,2002,oklahoma,3000
707,2002,oregon,43000
708,2002,pennsylvania,29000
709,2002,south carolina,5000
710,2002,south dakota,225000
711,2002,tennessee,8000
712,2002,texas,114000
713,2002,utah,22000
714,2002,vermont,7000
715,2002,virginia,8000
716,2002,washington,50000
717,2002,west virginia,9000
718,2002,wisconsin,70000
719,2002,wyoming,38000
720,2003,alabama,13000
721,2003,arizona,35000
722,2003,arkansas,40000
723,2003,california,480000
724,2003,colorado,24000
725,2003,florida,210000
726,2003,georgia,52000
727,2003,hawaii,7000
728,2003,idaho,100000
729,2003,illinois,7000
730,2003,indiana,5000
731,2003,iowa,32000
732,2003,kansas,16000
733,2003,kentucky,5000
734,2003,louisiana,34000
735,2003,maine,8000
736,2003,maryland,2000
737,2003,michigan,65000
738,2003,minnesota,120000
739,2003,mississippi,21000
740,2003,missouri,17000
741,2003,montana,145000
742,2003,nebraska,45000
743,2003,nevada,6000
744,2003,new jersey,10000
745,2003,new mexico,6000
746,2003,new york,67000
747,2003,north carolina,10000
748,2003,north dakota,340000
749,2003,ohio,15000
750,2003,oklahoma,3000
751,2003,oregon,42000
752,2003,pennsylvania,27000
753,2003,south carolina,4000
754,2003,south dakota,215000
755,2003,tennessee,6000
756,2003,texas,140000
757,2003,utah,25000
758,2003,vermont,7000
759,2003,virginia,6000
760,2003,washington,58000
761,2003,west virginia,8000
762,2003,wisconsin,74000
763,2003,wyoming,39000
764,2004,alabama,12000
765,2004,arizona,32000
766,2004,arkansas,40000
767,2004,california,390000
768,2004,colorado,23000
769,2004,florida,205000
770,2004,georgia,63000
771,2004,hawaii,8000
772,2004,idaho,100000
773,2004,illinois,7000
774,2004,indiana,7000
775,2004,iowa,35000
776,2004,kansas,14000
777,2004,kentucky,5000
778,2004,louisiana,35000
779,2004,maine,7000
780,2004,michigan,65000
781,2004,minnesota,135000
782,2004,mississippi,18000
783,2004,missouri,16000
784,2004,montana,140000
785,2004,nebraska,51000
786,2004,nevada,14000
787,2004,new jersey,12000
788,2004,new mexico,8000
789,2004,new york,64000
790,2004,north carolina,9000
791,2004,north dakota,390000
792,2004,ohio,16000
793,2004,oregon,42000
794,2004,pennsylvania,30000
795,2004,south dakota,215000
796,2004,tennessee,6000
797,2004,texas,116000
798,2004,utah,24000
799,2004,vermont,6000
800,2004,virginia,7000
801,2004,washington,56000
802,2004,west virginia,9000
803,2004,wisconsin,68000
804,2004,wyoming,39000
805,2005,alabama,13000
806,2005,arizona,36000
807,2005,arkansas,36000
808,2005,california,400000
809,2005,colorado,28000
810,2005,florida,160000
811,2005,georgia,59000
812,2005,hawaii,9000
813,2005,idaho,95000
814,2005,illinois,8000
815,2005,indiana,8000
816,2005,iowa,28000
817,2005,kansas,16000
818,2005,kentucky,5000
819,2005,louisiana,35000
820,2005,maine,8000
821,2005,michigan,65000
822,2005,minnesota,120000
823,2005,mississippi,16000
824,2005,missouri,15000
825,2005,montana,130000
826,2005,nebraska,40000
827,2005,nevada,12000
828,2005,new jersey,12000
829,2005,new mexico,7000
830,2005,new york,59000
831,2005,north carolina,10000
832,2005,north dakota,370000
833,2005,ohio,15000
834,2005,oregon,39000
835,2005,pennsylvania,28000
836,2005,south dakota,220000
837,2005,tennessee,7000
838,2005,texas,84000
839,2005,utah,24000
840,2005,vermont,6000
841,2005,virginia,8000
842,2005,washington,51000
843,2005,west virginia,8000
844,2005,wisconsin,64000
845,2005,wyoming,40000
846,2006,alabama,11000
847,2006,arizona,30000
848,2006,arkansas,32000
849,2006,california,380000
850,2006,colorado,36000
851,2006,florida,170000
852,2006,georgia,63000
853,2006,hawaii,10000
854,2006,idaho,95000
855,2006,illinois,10000
856,2006,indiana,7000
857,2006,iowa,26000
858,2006,kansas,14000
859,2006,kentucky,5000
860,2006,louisiana,30000
861,2006,maine,11000
862,2006,michigan,72000
863,2006,minnesota,125000
864,2006,mississippi,14000
865,2006,missouri,15000
866,2006,montana,132000
867,2006,nebraska,47000
868,2006,nevada,9000
869,2006,new jersey,9000
870,2006,new mexico,7000
871,2006,new york,58000
872,2006,north carolina,10000
873,2006,north dakota,350000
874,2006,ohio,14000
875,2006,oregon,46000
876,2006,pennsylvania,28000
877,2006,south dakota,225000
878,2006,tennessee,7000
879,2006,texas,82000
880,2006,utah,26000
881,2006,vermont,6000
882,2006,virginia,8000
883,2006,washington,49000
884,2006,west virginia,6000
885,2006,wisconsin,64000
886,2006,wyoming,39000
887,2007,alabama,11000
888,2007,arizona,30000
889,2007,arkansas,28000
890,2007,california,340000
891,2007,colorado,31000
892,2007,florida,160000
893,2007,georgia,60000
894,2007,hawaii,10000
895,2007,idaho,92000
896,2007,illinois,9000
897,2007,indiana,8000
898,2007,iowa,26000
899,2007,kansas,14000
900,2007,kentucky,4000
901,2007,louisiana,29000
902,2007,maine,9000
903,2007,michigan,72000
904,2007,minnesota,130000
905,2007,mississippi,15000
906,2007,missouri,14000
907,2007,montana,135000
908,2007,nebraska,45000
909,2007,nevada,10000
910,2007,new jersey,9000
911,2007,new mexico,6000
912,2007,new york,53000
913,2007,north carolina,12000
914,2007,north dakota,420000
915,2007,ohio,14000
916,2007,oregon,46000
917,2007,pennsylvania,25000
918,2007,south dakota,255000
919,2007,tennessee,7000
920,2007,texas,105000
921,2007,utah,28000
922,2007,vermont,5000
923,2007,virginia,6000
924,2007,washington,46000
925,2007,west virginia,6000
926,2007,wisconsin,60000
927,2007,wyoming,43000
928,2008,alabama,9000
929,2008,arizona,25000
930,2008,arkansas,28000
931,2008,california,360000
932,2008,colorado,27000
933,2008,florida,150000
934,2008,georgia,65000
935,2008,hawaii,10000
936,2008,idaho,90000
937,2008,illinois,8000
938,2008,indiana,7000
939,2008,iowa,24000
940,2008,kansas,10000
941,2008,kentucky,4000
942,2008,louisiana,40000
943,2008,maine,7000
944,2008,michigan,71000
945,2008,minnesota,122000
946,2008,mississippi,14000
947,2008,missouri,11000
948,2008,montana,134000
949,2008,nebraska,36000
950,2008,nevada,10000
951,2008,new jersey,9000
952,2008,new mexico,6000
953,2008,new york,50000
954,2008,north carolina,12000
955,2008,north dakota,400000
956,2008,ohio,14000
957,2008,oregon,50000
958,2008,pennsylvania,23000
959,2008,south dakota,225000
960,2008,tennessee,7000
961,2008,texas,77000
962,2008,utah,28000
963,2008,vermont,5000
964,2008,virginia,6000
965,2008,washington,49000
966,2008,west virginia,6000
967,2008,wisconsin,58000
968,2008,wyoming,39000
969,2009,alabama,9000
970,2009,arizona,20000
971,2009,arkansas,24000
972,2009,california,355000
973,2009,colorado,28000
974,2009,florida,170000
975,2009,georgia,65000
976,2009,hawaii,10000
977,2009,idaho,103000
978,2009,illinois,8000
979,2009,indiana,9000
980,2009,iowa,26000
981,2009,kansas,9000
982,2009,kentucky,5000
983,2009,louisiana,37000
984,2009,maine,6000
985,2009,michigan,66000
986,2009,minnesota,122000
987,2009,mississippi,14000
988,2009,missouri,11000
989,2009,montana,146000
990,2009,nebraska,48000
991,2009,new jersey,11000
992,2009,new mexico,7000
993,2009,new york,45000
994,2009,north carolina,11000
995,2009,north dakota,450000
996,2009,ohio,11000
997,2009,oregon,55000
998,2009,pennsylvania,21000
999,2009,south dakota,270000
1000,2009,tennessee,7000
1001,2009,texas,89000
1002,2009,utah,26000
1003,2009,vermont,5000
1004,2009,virginia,6000
1005,2009,washington,62000
1006,2009,west virginia,5000
1007,2009,wisconsin,63000
1008,2009,wyoming,37000
1009,2010,alabama,9000
1010,2010,arizona,24000
1011,2010,arkansas,25000
1012,2010,california,410000
1013,2010,colorado,34000
1014,2010,florida,200000
1015,2010,georgia,55000
1016,2010,hawaii,10000
1017,2010,idaho,97000
1018,2010,illinois,9000
1019,2010,indiana,10000
1020,2010,iowa,27000
1021,2010,kansas,9000
1022,2010,kentucky,5000
1023,2010,louisiana,36000
1024,2010,maine,5000
1025,2010,michigan,71000
1026,2010,minnesota,128000
1027,2010,mississippi,16000
1028,2010,missouri,11000
1029,2010,montana,157000
1030,2010,nebraska,41000
1031,2010,new jersey,13000
1032,2010,new mexico,7000
1033,2010,new york,45000
1034,2010,north carolina,13000
1035,2010,north dakota,510000
1036,2010,ohio,18000
1037,2010,oregon,59000
1038,2010,pennsylvania,30000
1039,2010,south dakota,265000
1040,2010,tennessee,8000
1041,2010,texas,100000
1042,2010,utah,26000
1043,2010,vermont,4000
1044,2010,virginia,5000
1045,2010,washington,71000
1046,2010,west virginia,5000
1047,2010,wisconsin,64000
1048,2010,wyoming,34000
1049,2011,alabama,9000
1050,2011,arizona,23000
1051,2011,arkansas,22000
1052,2011,california,370000
1053,2011,colorado,31000
1054,2011,florida,180000
1055,2011,georgia,65000
1056,2011,hawaii,9000
1057,2011,idaho,87000
1058,2011,illinois,7000
1059,2011,indiana,8000
1060,2011,iowa,25000
1061,2011,kansas,7000
1062,2011,kentucky,4000
1063,2011,louisiana,36000
1064,2011,maine,4000
1065,2011,michigan,74000
1066,2011,minnesota,120000
1067,2011,mississippi,18000
1068,2011,missouri,8000
1069,2011,montana,145000
1070,2011,nebraska,41000
1071,2011,new jersey,11000
1072,2011,new mexico,7000
1073,2011,new york,49000
1074,2011,north carolina,14000
1075,2011,north dakota,460000
1076,2011,ohio,15000
1077,2011,oregon,60000
1078,2011,pennsylvania,24000
1079,2011,south dakota,250000
1080,2011,tennessee,7000
1081,2011,texas,78000
1082,2011,utah,23000
1083,2011,vermont,4000
1084,2011,virginia,4000
1085,2011,washington,71000
1086,2011,west virginia,4000
1087,2011,wisconsin,57000
1088,2011,wyoming,35000
1089,2012,alabama,8000
1090,2012,arizona,22000
1091,2012,arkansas,25000
1092,2012,california,330000
1093,2012,colorado,25000
1094,2012,florida,193000
1095,2012,georgia,59000
1096,2012,hawaii,10000
1097,2012,idaho,92000
1098,2012,illinois,7000
1099,2012,indiana,8000
1100,2012,iowa,37000
1101,2012,kansas,6000
1102,2012,kentucky,5000
1103,2012,louisiana,41000
1104,2012,maine,4000
1105,2012,michigan,73000
1106,2012,minnesota,125000
1107,2012,mississippi,18000
1108,2012,missouri,7000
1109,2012,montana,145000
1110,2012,nebraska,43000
1111,2012,new jersey,14000
1112,2012,new mexico,5000
1113,2012,new york,51000
1114,2012,north carolina,13000
1115,2012,north dakota,480000
1116,2012,ohio,18000
1117,2012,oregon,60000
1118,2012,pennsylvania,16000
1119,2012,south dakota,260000
1120,2012,tennessee,6000
1121,2012,texas,92000
1122,2012,utah,25000
1123,2012,vermont,4000
1124,2012,virginia,4000
1125,2012,washington,62000
1126,2012,west virginia,6000
1127,2012,wisconsin,60000
1128,2012,wyoming,50000
1129,2013,alabama,7000
1130,2013,arizona,29000
1131,2013,arkansas,22000
1132,2013,california,330000
1133,2013,colorado,26000
1134,2013,florida,220000
1135,2013,georgia,67000
1136,2013,hawaii,13000
1137,2013,idaho,83000
1138,2013,illinois,7000
1139,2013,indiana,6000
1140,2013,iowa,39000
1141,2013,kansas,6000
1142,2013,kentucky,3000
1143,2013,louisiana,50000
1144,2013,maine,7000
1145,2013,michigan,85000
1146,2013,minnesota,130000
1147,2013,mississippi,17000
1148,2013,missouri,10000
1149,2013,montana,159000
1150,2013,nebraska,46000
1151,2013,new jersey,11000
1152,2013,new york,55000
1153,2013,north carolina,10000
1154,2013,north dakota,480000
1155,2013,ohio,17000
1156,2013,oregon,62000
1157,2013,pennsylvania,13000
1158,2013,south dakota,265000
1159,2013,tennessee,7000
1160,2013,texas,106000
1161,2013,utah,30000
1162,2013,vermont,3000
1163,2013,virginia,5000
1164,2013,washington,69000
1165,2013,west virginia,6000
1166,2013,wisconsin,59000
1167,2013,wyoming,47000
1168,2014,alabama,7000
1169,2014,arizona,26000
1170,2014,arkansas,21000
1171,2014,california,320000
1172,2014,colorado,27000
1173,2014,florida,245000
1174,2014,georgia,73000
1175,2014,hawaii,15000
1176,2014,idaho,100000
1177,2014,illinois,8000
1178,2014,indiana,5000
1179,2014,iowa,35000
1180,2014,kansas,7000
1181,2014,kentucky,5000
1182,2014,louisiana,48000
1183,2014,maine,8000
1184,2014,michigan,91000
1185,2014,minnesota,132000
1186,2014,mississippi,20000
1187,2014,missouri,12000
1188,2014,montana,162000
1189,2014,nebraska,50000
1190,2014,new jersey,12000
1191,2014,new york,60000
1192,2014,north carolina,12000
1193,2014,north dakota,490000
1194,2014,ohio,15000
1195,2014,oregon,71000
1196,2014,pennsylvania,17000
1197,2014,south carolina,9000
1198,2014,south dakota,280000
1199,2014,tennessee,7000
1200,2014,texas,116000
1201,2014,utah,29000
1202,2014,vermont,3000
1203,2014,virginia,6000
1204,2014,washington,68000
1205,2014,west virginia,6000
1206,2014,wisconsin,53000
1207,2014,wyoming,38000
1208,2015,alabama,4940
1209,2015,alabama,38000
1210,2015,alabama,31500
1211,2015,alabama,4670
1212,2015,arizona,30200
1213,2015,arizona,170000
1214,2015,arizona,147000
1215,2015,arizona,28100
1216,2015,arkansas,15100
1217,2015,arkansas,96500
1218,2015,arkansas,84500
1219,2015,arkansas,14800
1220,2015,california,499000
1221,2015,california,4235000
1222,2015,california,4800000
1223,2015,california,584000
1224,2015,colorado,11000
1225,2015,colorado,97500
1226,2015,colorado,91500
1227,2015,colorado,10400
1228,2015,connecticut,1620
1229,2015,connecticut,13800
1230,2015,connecticut,13800
1231,2015,connecticut,1210
1232,2015,florida,165000
1233,2015,florida,1119000
1234,2015,florida,1010000
1235,2015,florida,150000
1236,2015,georgia,95900
1237,2015,georgia,505000
1238,2015,georgia,460000
1239,2015,georgia,68500
1240,2015,hawaii,8400
1241,2015,hawaii,65500
1242,2015,hawaii,51500
1243,2015,hawaii,3890
1244,2015,idaho,30100
1245,2015,idaho,433000
1246,2015,idaho,433000
1247,2015,idaho,46200
1248,2015,illinois,9600
1249,2015,illinois,51500
1250,2015,illinois,48000
1251,2015,illinois,7590
1252,2015,indiana,6930
1253,2015,indiana,49500
1254,2015,indiana,48500
1255,2015,indiana,6100
1256,2015,iowa,8880
1257,2015,iowa,125000
1258,2015,iowa,113500
1259,2015,iowa,11800
1260,2015,kansas,3400
1261,2015,kansas,36100
1262,2015,kansas,32000
1263,2015,kansas,6670
1264,2015,kentucky,4040
1265,2015,kentucky,38500
1266,2015,kentucky,37500
1267,2015,kentucky,7480
1268,2015,louisiana,13000
1269,2015,louisiana,244000
1270,2015,louisiana,222000
1271,2015,louisiana,16700
1272,2015,maine,4460
1273,2015,maine,28400
1274,2015,maine,47200
1275,2015,maine,4090
1276,2015,maryland,4930
1277,2015,maryland,30000
1278,2015,maryland,38000
1279,2015,maryland,5880
1280,2015,massachusetts,1520
1281,2015,massachusetts,19000
1282,2015,massachusetts,30600
1283,2015,massachusetts,2140
1284,2015,michigan,24510
1285,2015,michigan,320500
1286,2015,michigan,310000
1287,2015,michigan,37000
1288,2015,minnesota,21930
1289,2015,minnesota,458000
1290,2015,minnesota,440000
1291,2015,minnesota,58200
1292,2015,mississippi,28260
1293,2015,mississippi,192000
1294,2015,mississippi,233000
1295,2015,mississippi,24500
1296,2015,missouri,2850
1297,2015,missouri,61000
1298,2015,missouri,53000
1299,2015,missouri,4390
1300,2015,montana,19600
1301,2015,montana,446500
1302,2015,montana,525000
1303,2015,montana,26900
1304,2015,nebraska,16130
1305,2015,nebraska,235000
1306,2015,nebraska,249000
1307,2015,nebraska,19700
1308,2015,new jersey,2880
1309,2015,new jersey,53000
1310,2015,new jersey,55000
1311,2015,new jersey,3380
1312,2015,new mexico,3280
1313,2015,new mexico,26000
1314,2015,new mexico,28000
1315,2015,new mexico,3580
1316,2015,new york,16090
1317,2015,new york,198000
1318,2015,new york,156000
1319,2015,new york,18100
1320,2015,north carolina,14510
1321,2015,north carolina,101500
1322,2015,north carolina,95000
1323,2015,north carolina,13900
1324,2015,north dakota,54500
1325,2015,north dakota,1358000
1326,2015,north dakota,1345000
1327,2015,north dakota,157620
1328,2015,ohio,17500
1329,2015,ohio,94500
1330,2015,ohio,83000
1331,2015,ohio,16900
1332,2015,oklahoma,8550
1333,2015,oklahoma,59000
1334,2015,oklahoma,85000
1335,2015,oklahoma,9080
1336,2015,oregon,27000
1337,2015,oregon,398000
1338,2015,oregon,396000
1339,2015,oregon,29000
1340,2015,pennsylvania,11960
1341,2015,pennsylvania,93500
1342,2015,pennsylvania,88000
1343,2015,pennsylvania,12400
1344,2015,south carolina,5320
1345,2015,south carolina,70500
1346,2015,south carolina,65500
1347,2015,south carolina,7850
1348,2015,south dakota,40000
1349,2015,south dakota,929000
1350,2015,south dakota,887000
1351,2015,south dakota,87600
1352,2015,tennessee,5170
1353,2015,tennessee,42500
1354,2015,tennessee,37000
1355,2015,tennessee,5030
1356,2015,texas,176500
1357,2015,texas,823000
1358,2015,texas,951000
1359,2015,texas,100500
1360,2015,utah,14020
1361,2015,utah,116000
1362,2015,utah,115000
1363,2015,utah,16600
1364,2015,vermont,1820
1365,2015,vermont,29000
1366,2015,vermont,24500
1367,2015,vermont,1780
1368,2015,virginia,3420
1369,2015,virginia,37000
1370,2015,virginia,32000
1371,2015,virginia,4200
1372,2015,washington,30630
1373,2015,washington,401000
1374,2015,washington,418000
1375,2015,washington,37000
1376,2015,west virginia,3960
1377,2015,west virginia,28400
1378,2015,west virginia,24700
1379,2015,west virginia,3280
1380,2015,wisconsin,14610
1381,2015,wisconsin,201500
1382,2015,wisconsin,204000
1383,2015,wisconsin,28100
1384,2015,wyoming,9800
1385,2015,wyoming,108500
1386,2015,wyoming,97000
1387,2015,wyoming,9000
1388,2016,alabama,3790
1389,2016,alabama,37500
1390,2016,alabama,30500
1391,2016,alabama,1110
1392,2016,alabama,4440
1393,2016,arizona,25300
1394,2016,arizona,138000
1395,2016,arizona,116000
1396,2016,arizona,7460
1397,2016,arizona,20900
1398,2016,arkansas,17290
1399,2016,arkansas,135000
1400,2016,arkansas,111000
1401,2016,arkansas,5840
1402,2016,arkansas,12400
1403,2016,california,523000
1404,2016,california,4060000
1405,2016,california,4710000
1406,2016,california,144500
1407,2016,california,595000
1408,2016,colorado,14300
1409,2016,colorado,109500
1410,2016,colorado,104500
1411,2016,colorado,2540
1412,2016,colorado,13550
1413,2016,connecticut,1350
1414,2016,connecticut,11400
1415,2016,connecticut,11400
1416,2016,connecticut,60
1417,2016,connecticut,880
1418,2016,florida,185000
1419,2016,florida,1185000
1420,2016,florida,1055000
1421,2016,florida,19900
1422,2016,florida,135000
1423,2016,georgia,78000
1424,2016,georgia,502000
1425,2016,georgia,426000
1426,2016,georgia,13100
1427,2016,georgia,50500
1428,2016,hawaii,1930
1429,2016,hawaii,71500
1430,2016,hawaii,55500
1431,2016,hawaii,160
1432,2016,hawaii,2680
1433,2016,idaho,31400
1434,2016,idaho,448000
1435,2016,idaho,452000
1436,2016,idaho,5900
1437,2016,idaho,43000
1438,2016,illinois,3910
1439,2016,illinois,47500
1440,2016,illinois,38500
1441,2016,illinois,1180
1442,2016,illinois,4160
1443,2016,indiana,3200
1444,2016,indiana,34800
1445,2016,indiana,30500
1446,2016,indiana,340
1447,2016,indiana,2790
1448,2016,iowa,36590
1449,2016,iowa,164500
1450,2016,iowa,143000
1451,2016,iowa,6180
1452,2016,iowa,15500
1453,2016,kansas,4910
1454,2016,kansas,29700
1455,2016,kansas,24000
1456,2016,kansas,1280
1457,2016,kansas,5960
1458,2016,kentucky,3450
1459,2016,kentucky,32000
1460,2016,kentucky,27500
1461,2016,kentucky,810
1462,2016,kentucky,3700
1463,2016,louisiana,22350
1464,2016,louisiana,255000
1465,2016,louisiana,225000
1466,2016,louisiana,930
1467,2016,louisiana,24300
1468,2016,maine,750
1469,2016,maine,26800
1470,2016,maine,37700
1471,2016,maine,60
1472,2016,maine,5070
1473,2016,maryland,4420
1474,2016,maryland,30000
1475,2016,maryland,33000
1476,2016,maryland,70
1477,2016,maryland,1840
1478,2016,massachusetts,2750
1479,2016,massachusetts,24700
1480,2016,massachusetts,29000
1481,2016,massachusetts,60
1482,2016,massachusetts,1940
1483,2016,michigan,26810
1484,2016,michigan,363000
1485,2016,michigan,354000
1486,2016,michigan,9300
1487,2016,michigan,40000
1488,2016,minnesota,31300
1489,2016,minnesota,432000
1490,2016,minnesota,416000
1491,2016,minnesota,27400
1492,2016,minnesota,58000
1493,2016,mississippi,58080
1494,2016,mississippi,161500
1495,2016,mississippi,190000
1496,2016,mississippi,1550
1497,2016,mississippi,16900
1498,2016,missouri,9180
1499,2016,missouri,52500
1500,2016,missouri,45000
1501,2016,missouri,400
1502,2016,missouri,3310
1503,2016,montana,55800
1504,2016,montana,508500
1505,2016,montana,504000
1506,2016,montana,4720
1507,2016,montana,35400
1508,2016,nebraska,9090
1509,2016,nebraska,160500
1510,2016,nebraska,147000
1511,2016,nebraska,1470
1512,2016,nebraska,19520
1513,2016,new jersey,2500
1514,2016,new jersey,52200
1515,2016,new jersey,54000
1516,2016,new jersey,310
1517,2016,new jersey,3110
1518,2016,new mexico,7200
1519,2016,new mexico,26000
1520,2016,new mexico,26500
1521,2016,new mexico,1190
1522,2016,new mexico,5800
1523,2016,new york,16610
1524,2016,new york,230000
1525,2016,new york,184000
1526,2016,new york,2310
1527,2016,new york,27200
1528,2016,north carolina,12720
1529,2016,north carolina,103500
1530,2016,north carolina,98000
1531,2016,north carolina,1750
1532,2016,north carolina,11100
1533,2016,north dakota,66100
1534,2016,north dakota,1579000
1535,2016,north dakota,1607000
1536,2016,north dakota,47000
1537,2016,north dakota,150500
1538,2016,ohio,7760
1539,2016,ohio,86000
1540,2016,ohio,73500
1541,2016,ohio,1520
1542,2016,ohio,8300
1543,2016,oklahoma,8950
1544,2016,oklahoma,32300
1545,2016,oklahoma,74200
1546,2016,oklahoma,1610
1547,2016,oklahoma,6870
1548,2016,oregon,27200
1549,2016,oregon,424000
1550,2016,oregon,460000
1551,2016,oregon,3220
1552,2016,oregon,24200
1553,2016,pennsylvania,7780
1554,2016,pennsylvania,82500
1555,2016,pennsylvania,69500
1556,2016,pennsylvania,1160
1557,2016,pennsylvania,8600
1558,2016,south carolina,7150
1559,2016,south carolina,70000
1560,2016,south carolina,60500
1561,2016,south carolina,1810
1562,2016,south carolina,7020
1563,2016,south dakota,20800
1564,2016,south dakota,702000
1565,2016,south dakota,598000
1566,2016,south dakota,30600
1567,2016,south dakota,57500
1568,2016,tennessee,4540
1569,2016,tennessee,42000
1570,2016,tennessee,36000
1571,2016,tennessee,610
1572,2016,tennessee,4070
1573,2016,texas,214700
1574,2016,texas,978000
1575,2016,texas,1123000
1576,2016,texas,6220
1577,2016,texas,117000
1578,2016,utah,15040
1579,2016,utah,114500
1580,2016,utah,102500
1581,2016,utah,3560
1582,2016,utah,11500
1583,2016,vermont,670
1584,2016,vermont,29500
1585,2016,vermont,25000
1586,2016,vermont,80
1587,2016,vermont,1090
1588,2016,virginia,3450
1589,2016,virginia,32500
1590,2016,virginia,28000
1591,2016,virginia,580
1592,2016,virginia,2870
1593,2016,washington,37100
1594,2016,washington,374000
1595,2016,washington,460000
1596,2016,washington,11030
1597,2016,washington,33500
1598,2016,west virginia,2810
1599,2016,west virginia,33500
1600,2016,west virginia,30000
1601,2016,west virginia,730
1602,2016,west virginia,3880
1603,2016,wisconsin,18920
1604,2016,wisconsin,222500
1605,2016,wisconsin,233000
1606,2016,wisconsin,8420
1607,2016,wisconsin,28100
1608,2016,wyoming,9790
1609,2016,wyoming,106200
1610,2016,wyoming,100500
1611,2016,wyoming,1610
1612,2016,wyoming,12140
1613,2017,alabama,1770
1614,2017,alabama,20500
1615,2017,alabama,13500
1616,2017,alabama,270
1617,2017,alabama,2040
1618,2017,arizona,15400
1619,2017,arizona,75000
1620,2017,arizona,54000
1621,2017,arizona,3160
1622,2017,arizona,8600
1623,2017,arkansas,5430
1624,2017,arkansas,64000
1625,2017,arkansas,37000
1626,2017,arkansas,320
1627,2017,arkansas,5400
1628,2017,california,425000
1629,2017,california,2625000
1630,2017,california,2620000
1631,2017,california,23600
1632,2017,california,254000
1633,2017,colorado,5600
1634,2017,colorado,59000
1635,2017,colorado,50000
1636,2017,colorado,1060
1637,2017,colorado,4600
1638,2017,connecticut,2300
1639,2017,connecticut,6100
1640,2017,connecticut,6100
1641,2017,connecticut,110
1642,2017,connecticut,520
1643,2017,florida,120000
1644,2017,florida,710000
1645,2017,florida,515000
1646,2017,florida,13000
1647,2017,florida,55000
1648,2017,georgia,57000
1649,2017,georgia,347000
1650,2017,georgia,267000
1651,2017,georgia,5800
1652,2017,georgia,24500
1653,2017,hawaii,1030
1654,2017,hawaii,37000
1655,2017,hawaii,25000
1656,2017,hawaii,0
1657,2017,hawaii,250
1658,2017,idaho,26000
1659,2017,idaho,251000
1660,2017,idaho,177000
1661,2017,idaho,4200
1662,2017,idaho,18000
1663,2017,illinois,6700
1664,2017,illinois,34000
1665,2017,illinois,23500
1666,2017,illinois,810
1667,2017,illinois,4100
1668,2017,indiana,4700
1669,2017,indiana,21500
1670,2017,indiana,18500
1671,2017,indiana,560
1672,2017,indiana,3100
1673,2017,iowa,24070
1674,2017,iowa,57500
1675,2017,iowa,38500
1676,2017,iowa,1170
1677,2017,iowa,5000
1678,2017,kansas,3430
1679,2017,kansas,15200
1680,2017,kansas,8700
1681,2017,kansas,510
1682,2017,kansas,1380
1683,2017,kentucky,3850
1684,2017,kentucky,18000
1685,2017,kentucky,14000
1686,2017,kentucky,820
1687,2017,kentucky,1860
1688,2017,louisiana,15600
1689,2017,louisiana,143000
1690,2017,louisiana,103000
1691,2017,louisiana,390
1692,2017,louisiana,5300
1693,2017,maine,890
1694,2017,maine,16900
1695,2017,maine,43100
1696,2017,maine,10
1697,2017,maine,1910
1698,2017,maryland,3970
1699,2017,maryland,17000
1700,2017,maryland,18500
1701,2017,maryland,80
1702,2017,maryland,2290
1703,2017,massachusetts,2020
1704,2017,massachusetts,5200
1705,2017,massachusetts,11300
1706,2017,massachusetts,40
1707,2017,massachusetts,1630
1708,2017,michigan,22600
1709,2017,michigan,171000
1710,2017,michigan,138000
1711,2017,michigan,2860
1712,2017,michigan,9600
1713,2017,minnesota,21800
1714,2017,minnesota,187000
1715,2017,minnesota,169000
1716,2017,minnesota,10200
1717,2017,minnesota,8500
1718,2017,mississippi,28500
1719,2017,mississippi,133000
1720,2017,mississippi,157000
1721,2017,mississippi,20
1722,2017,mississippi,6400
1723,2017,missouri,2100
1724,2017,missouri,21500
1725,2017,missouri,15000
1726,2017,missouri,220
1727,2017,missouri,1460
1728,2017,montana,18100
1729,2017,montana,209500
1730,2017,montana,180000
1731,2017,montana,3000
1732,2017,montana,4270
1733,2017,nebraska,6120
1734,2017,nebraska,58000
1735,2017,nebraska,76000
1736,2017,nebraska,1880
1737,2017,nebraska,1390
1738,2017,new jersey,1610
1739,2017,new jersey,25000
1740,2017,new jersey,27500
1741,2017,new jersey,60
1742,2017,new jersey,920
1743,2017,new mexico,5900
1744,2017,new mexico,12500
1745,2017,new mexico,13000
1746,2017,new mexico,1580
1747,2017,new mexico,3800
1748,2017,new york,16520
1749,2017,new york,114000
1750,2017,new york,74000
1751,2017,new york,1980
1752,2017,new york,7300
1753,2017,north carolina,7600
1754,2017,north carolina,51000
1755,2017,north carolina,48000
1756,2017,north carolina,1380
1757,2017,north carolina,4100
1758,2017,north dakota,20600
1759,2017,north dakota,617000
1760,2017,north dakota,508000
1761,2017,north dakota,6300
1762,2017,north dakota,11140
1763,2017,ohio,9300
1764,2017,ohio,44000
1765,2017,ohio,32000
1766,2017,ohio,1430
1767,2017,ohio,5500
1768,2017,oklahoma,16000
1769,2017,oklahoma,51000
1770,2017,oklahoma,51000
1771,2017,oklahoma,540
1772,2017,oklahoma,750
1773,2017,oregon,25500
1774,2017,oregon,233000
1775,2017,oregon,198000
1776,2017,oregon,2500
1777,2017,oregon,13000
1778,2017,pennsylvania,7810
1779,2017,pennsylvania,48000
1780,2017,pennsylvania,34500
1781,2017,pennsylvania,140
1782,2017,pennsylvania,4710
1783,2017,south carolina,6600
1784,2017,south carolina,53000
1785,2017,south carolina,37500
1786,2017,south carolina,490
1787,2017,south carolina,2470
1788,2017,south dakota,11500
1789,2017,south dakota,310000
1790,2017,south dakota,200000
1791,2017,south dakota,5390
1792,2017,south dakota,8700
1793,2017,tennessee,4100
1794,2017,tennessee,24000
1795,2017,tennessee,17500
1796,2017,tennessee,630
1797,2017,tennessee,2700
1798,2017,texas,191000
1799,2017,texas,735000
1800,2017,texas,675000
1801,2017,texas,6670
1802,2017,texas,53000
1803,2017,utah,17400
1804,2017,utah,62000
1805,2017,utah,53500
1806,2017,utah,3100
1807,2017,utah,5000
1808,2017,vermont,390
1809,2017,vermont,19500
1810,2017,vermont,14500
1811,2017,vermont,20
1812,2017,vermont,610
1813,2017,virginia,5000
1814,2017,virginia,21500
1815,2017,virginia,17000
1816,2017,virginia,170
1817,2017,virginia,2400
1818,2017,washington,44500
1819,2017,washington,234000
1820,2017,washington,236000
1821,2017,washington,1450
1822,2017,washington,15500
1823,2017,west virginia,3850
1824,2017,west virginia,19000
1825,2017,west virginia,15500
1826,2017,west virginia,90
1827,2017,west virginia,1140
1828,2017,wisconsin,13450
1829,2017,wisconsin,88000
1830,2017,wisconsin,87000
1831,2017,wisconsin,4700
1832,2017,wisconsin,7300
1833,2017,wyoming,6100
1834,2017,wyoming,60500
1835,2017,wyoming,47000
1836,2017,wyoming,1260
1837,2017,wyoming,4700
